[
  {
    "id": "node-001",
    "title": "Victory Square (Piața Victoriei)",
    "slug": "victory-square",
    "latitude": 45.7561,
    "longitude": 21.2291,
    "proximityRadius": 100,
    "description": "Victory Square is the heart of Timișoara, featuring the stunning Metropolitan Cathedral and the National Opera House. This square witnessed the 1989 Revolution that started in Timișoara and led to the fall of communism in Romania. The baroque architecture surrounding the square tells stories of the Austro-Hungarian Empire's influence on the city.",
    "historicalPeriod": "1750-Present",
    "category": "Architecture",
    "audioUrl": "/audio/victory-square.mp3",
    "audioDuration": 165,
    "primaryImageUrl": "https://images.unsplash.com/photo-1555854877-bab0e564b8d5?w=800",
    "images": [
      {
        "url": "https://images.unsplash.com/photo-1555854877-bab0e564b8d5?w=800",
        "caption": "Victory Square panoramic view with the Metropolitan Cathedral dominating the skyline",
        "historicalDate": "2020s"
      },
      {
        "url": "https://images.unsplash.com/photo-1548013146-72479768bada?w=800",
        "caption": "Close-up of the Metropolitan Cathedral's stunning Byzantine architecture and golden domes",
        "historicalDate": "1940s"
      },
      {
        "url": "https://images.unsplash.com/photo-1464226066583-1bc85a1b4a4c?w=800",
        "caption": "Victory Square during winter, capturing the essence of historic Timișoara",
        "historicalDate": "1990s"
      },
      {
        "url": "https://images.unsplash.com/photo-1533929736458-ca588d08c8be?w=800",
        "caption": "The National Opera House with its neoclassical facade facing the square",
        "historicalDate": "1870s"
      },
      {
        "url": "https://images.unsplash.com/photo-1582555172866-f73bb12a2ab3?w=800",
        "caption": "1989 Revolution memorial gathering at Victory Square, where freedom was born",
        "historicalDate": "1989"
      }
    ]
  },
  {
    "id": "node-002",
    "title": "Union Square (Piața Unirii)",
    "slug": "union-square",
    "latitude": 45.7570,
    "longitude": 21.2272,
    "proximityRadius": 100,
    "description": "Union Square represents the baroque heart of Timișoara, surrounded by colorful 18th-century buildings. The square was a major commercial center during the Austro-Hungarian period. At its center stands the Holy Trinity Monument, commemorating the plague epidemics of the 18th century. Today, it remains one of the most photographed locations in the city.",
    "historicalPeriod": "1740-Present",
    "category": "Architecture",
    "audioUrl": "/audio/union-square.mp3",
    "audioDuration": 148,
    "primaryImageUrl": "https://images.unsplash.com/photo-1516483638261-f4dbaf036963?w=800",
    "images": [
      {
        "url": "https://images.unsplash.com/photo-1516483638261-f4dbaf036963?w=800",
        "caption": "Union Square's iconic baroque building facades in vibrant yellow and cream",
        "historicalDate": "1740s"
      },
      {
        "url": "https://images.unsplash.com/photo-1581094271901-8022df4466f9?w=800",
        "caption": "The Holy Trinity Monument at the center of Union Square",
        "historicalDate": "1740"
      },
      {
        "url": "https://images.unsplash.com/photo-1585320806297-9794b3e4eeae?w=800",
        "caption": "Street-level view capturing the ornate details of Austro-Hungarian architecture",
        "historicalDate": "1750s"
      },
      {
        "url": "https://images.unsplash.com/photo-1555854877-bab0e564b8d5?w=800",
        "caption": "Union Square at sunset, with cafes lining the historic buildings",
        "historicalDate": "Modern"
      }
    ]
  },
  {
    "id": "node-003",
    "title": "Huniade Castle",
    "slug": "huniade-castle",
    "latitude": 45.7533,
    "longitude": 21.2283,
    "proximityRadius": 100,
    "description": "Built between 1443-1447 by John Hunyadi, this castle is one of the oldest monuments in Timișoara. The castle served as royal residence and later as military barracks. Its architectural style shows a unique blend of Gothic and Renaissance elements. Today it houses the Banat Museum, showcasing the region's rich history from prehistoric times to the modern era.",
    "historicalPeriod": "1443-Present",
    "category": "Architecture",
    "audioUrl": "/audio/huniade-castle.mp3",
    "audioDuration": 178,
    "primaryImageUrl": "https://images.unsplash.com/photo-1582555172866-f73bb12a2ab3?w=800",
    "images": [
      {
        "url": "https://images.unsplash.com/photo-1582555172866-f73bb12a2ab3?w=800",
        "caption": "Huniade Castle's fortress walls and towers, a testament to medieval military architecture",
        "historicalDate": "15th century"
      },
      {
        "url": "https://images.unsplash.com/photo-1464226066583-1bc85a1b4a4c?w=800",
        "caption": "The castle's inner courtyard showing Gothic arches and Renaissance additions",
        "historicalDate": "1450s"
      },
      {
        "url": "https://images.unsplash.com/photo-1533929736458-ca588d08c8be?w=800",
        "caption": "Detailed view of the castle's stone masonry and defensive structures",
        "historicalDate": "Medieval"
      },
      {
        "url": "https://images.unsplash.com/photo-1548013146-72479768bada?w=800",
        "caption": "Huniade Castle as it appears today, housing the Banat Museum",
        "historicalDate": "Modern"
      },
      {
        "url": "https://images.unsplash.com/photo-1516483638261-f4dbaf036963?w=800",
        "caption": "Historical reconstruction showing the castle during John Hunyadi's reign",
        "historicalDate": "1440s"
      }
    ]
  },
  {
    "id": "node-004",
    "title": "Liberty Square (Piața Libertății)",
    "slug": "liberty-square",
    "latitude": 45.7580,
    "longitude": 21.2260,
    "proximityRadius": 100,
    "description": "Liberty Square was the site of crucial events during the 1989 Revolution. The square is dominated by the Serbian Orthodox Cathedral and the Old City Hall. The architecture reflects the multicultural heritage of Timișoara, with Serbian, Hungarian, and Romanian influences. The square remains a symbol of freedom and democracy for the city.",
    "historicalPeriod": "1850-Present",
    "category": "Event",
    "audioUrl": "/audio/liberty-square.mp3",
    "audioDuration": 152,
    "primaryImageUrl": "https://images.unsplash.com/photo-1533929736458-ca588d08c8be?w=800",
    "images": [
      {
        "url": "https://images.unsplash.com/photo-1533929736458-ca588d08c8be?w=800",
        "caption": "Liberty Square with the Serbian Orthodox Cathedral's distinctive green domes",
        "historicalDate": "1850s"
      },
      {
        "url": "https://images.unsplash.com/photo-1464226066583-1bc85a1b4a4c?w=800",
        "caption": "The Old City Hall building showcasing Austro-Hungarian administrative architecture",
        "historicalDate": "1870s"
      },
      {
        "url": "https://images.unsplash.com/photo-1555854877-bab0e564b8d5?w=800",
        "caption": "December 1989 - Crowds gathering in Liberty Square during the Revolution",
        "historicalDate": "1989"
      },
      {
        "url": "https://images.unsplash.com/photo-1585320806297-9794b3e4eeae?w=800",
        "caption": "Modern Liberty Square hosting cultural events and celebrations",
        "historicalDate": "2020s"
      }
    ]
  },
  {
    "id": "node-005",
    "title": "Timișoara Orthodox Cathedral",
    "slug": "orthodox-cathedral",
    "latitude": 45.7562,
    "longitude": 21.2295,
    "proximityRadius": 100,
    "description": "The Romanian Orthodox Metropolitan Cathedral is one of the most impressive religious buildings in Romania. Built between 1936-1946 in Moldavian architectural style, the cathedral features 11 towers symbolizing Christ and his apostles. The interior is adorned with stunning Byzantine-inspired frescoes. The cathedral serves as the spiritual center of the Orthodox community in western Romania.",
    "historicalPeriod": "1936-Present",
    "category": "Architecture",
    "audioUrl": "/audio/orthodox-cathedral.mp3",
    "audioDuration": 156,
    "primaryImageUrl": "https://images.unsplash.com/photo-1548013146-72479768bada?w=800",
    "images": [
      {
        "url": "https://images.unsplash.com/photo-1548013146-72479768bada?w=800",
        "caption": "The Metropolitan Cathedral with all 11 towers representing Christ and the apostles",
        "historicalDate": "1946"
      },
      {
        "url": "https://images.unsplash.com/photo-1582555172866-f73bb12a2ab3?w=800",
        "caption": "Close-up of the cathedral's golden crosses and Byzantine architectural elements",
        "historicalDate": "1940s"
      },
      {
        "url": "https://images.unsplash.com/photo-1516483638261-f4dbaf036963?w=800",
        "caption": "Interior view showing magnificent Byzantine frescoes and iconography",
        "historicalDate": "1946"
      },
      {
        "url": "https://images.unsplash.com/photo-1533929736458-ca588d08c8be?w=800",
        "caption": "The cathedral during construction in the 1940s",
        "historicalDate": "1943"
      },
      {
        "url": "https://images.unsplash.com/photo-1555854877-bab0e564b8d5?w=800",
        "caption": "Night view of the illuminated cathedral towers",
        "historicalDate": "Modern"
      }
    ]
  },
  {
    "id": "node-006",
    "title": "Revolution Memorial (1989)",
    "slug": "revolution-memorial",
    "latitude": 45.7545,
    "longitude": 21.2254,
    "proximityRadius": 100,
    "description": "This memorial honors the victims of the 1989 Revolution that started in Timișoara on December 16, 1989. The city became known as 'the city that set Romania free' as protests against the communist regime began here. Over 100 people lost their lives fighting for freedom. The memorial features eternal flames and plaques listing the names of those who sacrificed their lives for democracy.",
    "historicalPeriod": "1989-Present",
    "category": "Person",
    "audioUrl": "/audio/revolution-memorial.mp3",
    "audioDuration": 172,
    "primaryImageUrl": "https://images.unsplash.com/photo-1464226066583-1bc85a1b4a4c?w=800",
    "images": [
      {
        "url": "https://images.unsplash.com/photo-1464226066583-1bc85a1b4a4c?w=800",
        "caption": "The Revolution Memorial with eternal flame honoring fallen heroes",
        "historicalDate": "1989"
      },
      {
        "url": "https://images.unsplash.com/photo-1533929736458-ca588d08c8be?w=800",
        "caption": "December 16, 1989 - The day the revolution began in Timișoara",
        "historicalDate": "1989"
      },
      {
        "url": "https://images.unsplash.com/photo-1585320806297-9794b3e4eeae?w=800",
        "caption": "Crowds protesting in front of the Communist Party headquarters",
        "historicalDate": "1989"
      },
      {
        "url": "https://images.unsplash.com/photo-1555854877-bab0e564b8d5?w=800",
        "caption": "Memorial plaques listing the names of revolution martyrs",
        "historicalDate": "1990s"
      },
      {
        "url": "https://images.unsplash.com/photo-1548013146-72479768bada?w=800",
        "caption": "Annual commemoration ceremony at the memorial",
        "historicalDate": "Modern"
      }
    ]
  },
  {
    "id": "node-007",
    "title": "Bega Canal",
    "slug": "bega-canal",
    "latitude": 45.7500,
    "longitude": 21.2240,
    "proximityRadius": 100,
    "description": "The Bega Canal, completed in the 18th century, was a major engineering achievement that transformed Timișoara into a navigable commercial hub. The canal connected the city to the Danube River, facilitating trade and economic development. Today, the canal banks are lined with beautiful promenades, cafes, and cultural venues, making it a favorite spot for locals and tourists alike.",
    "historicalPeriod": "1728-Present",
    "category": "Architecture",
    "audioUrl": "/audio/bega-canal.mp3",
    "audioDuration": 145,
    "primaryImageUrl": "https://images.unsplash.com/photo-1581094271901-8022df4466f9?w=800",
    "images": [
      {
        "url": "https://images.unsplash.com/photo-1581094271901-8022df4466f9?w=800",
        "caption": "Bega Canal waterfront with historic warehouses and buildings",
        "historicalDate": "1900s"
      },
      {
        "url": "https://images.unsplash.com/photo-1516483638261-f4dbaf036963?w=800",
        "caption": "Historical photo of canal boats transporting goods in the 19th century",
        "historicalDate": "1850s"
      },
      {
        "url": "https://images.unsplash.com/photo-1585320806297-9794b3e4eeae?w=800",
        "caption": "Modern promenade along the canal with cafes and cultural venues",
        "historicalDate": "2020s"
      },
      {
        "url": "https://images.unsplash.com/photo-1533929736458-ca588d08c8be?w=800",
        "caption": "Reflections of baroque buildings in the calm canal waters",
        "historicalDate": "Modern"
      },
      {
        "url": "https://images.unsplash.com/photo-1548013146-72479768bada?w=800",
        "caption": "Winter scene along the Bega Canal during the Austro-Hungarian era",
        "historicalDate": "1890s"
      }
    ]
  },
  {
    "id": "node-008",
    "title": "Roses Park (Parcul Rozelor)",
    "slug": "roses-park",
    "latitude": 45.7525,
    "longitude": 21.2350,
    "proximityRadius": 100,
    "description": "Roses Park is one of the oldest and most beautiful parks in Timișoara, established in 1891. The park features over 1,000 varieties of roses, making it a stunning display of colors and fragrances throughout the blooming season. The park also contains the Natural Science Museum and hosts cultural events. It represents the city's dedication to green spaces and quality of life.",
    "historicalPeriod": "1891-Present",
    "category": "Event",
    "audioUrl": "/audio/roses-park.mp3",
    "audioDuration": 138,
    "primaryImageUrl": "https://images.unsplash.com/photo-1585320806297-9794b3e4eeae?w=800",
    "images": [
      {
        "url": "https://images.unsplash.com/photo-1585320806297-9794b3e4eeae?w=800",
        "caption": "Roses Park in full bloom with over 1,000 rose varieties on display",
        "historicalDate": "1920s"
      },
      {
        "url": "https://images.unsplash.com/photo-1581094271901-8022df4466f9?w=800",
        "caption": "Victorian-era pathways through the rose gardens",
        "historicalDate": "1891"
      },
      {
        "url": "https://images.unsplash.com/photo-1555854877-bab0e564b8d5?w=800",
        "caption": "The Natural Science Museum building within the park",
        "historicalDate": "1900s"
      },
      {
        "url": "https://images.unsplash.com/photo-1533929736458-ca588d08c8be?w=800",
        "caption": "Cultural festival taking place in the park's central plaza",
        "historicalDate": "Modern"
      },
      {
        "url": "https://images.unsplash.com/photo-1516483638261-f4dbaf036963?w=800",
        "caption": "Historic fountain surrounded by rose beds",
        "historicalDate": "1910s"
      }
    ]
  }
]
